<BackupInst xmlns="http://www.microsoft.com/GroupPolicy/GPOOperations/Manifest"><GPOGuid><![CDATA[{C400E04F-19B2-4945-AAEE-A171469AAD40}]]></GPOGuid><GPODomain><![CDATA[corp.local]]></GPODomain><GPODomainGuid><![CDATA[{3a5f5334-d6fc-4e64-9679-61896697dabf}]]></GPODomainGuid><GPODomainController><![CDATA[DC01.corp.local]]></GPODomainController><BackupTime><![CDATA[2026-01-23T06:59:22]]></BackupTime><ID><![CDATA[{B64C82EF-C9E8-47E6-8D42-ACDD0E0E4551}]]></ID><Comment><![CDATA[GPO_Backup]]></Comment><GPODisplayName><![CDATA[Defender_Policy]]></GPODisplayName></BackupInst>
